key,instantiation-moment,title,message,email-address,link,author
notice-00,2022/07/24 00:00,título de prueba,mensaje de prueba,ejemplo@correo.com,http://www.ejemplo.com,"P3p1T0-Perez Rodríguez, Pepe"
notice-01,1980/07/29 00:00,título de prueba,mensaje de prueba,ejemplo@correo.com,http://www.ejemplo.com,"P3p1T0-Perez Rodríguez, Pepe"
notice-02,2022/06/21 00:00,título de prueba,mensaje de prueba,ejemplo@correo.com,http://www.ejemplo.com,"P3p1T0-Perez Rodríguez, Pepe"
notice-03,2022/07/24 00:00,título de prueba,mensaje de prueba,ejemplo@correo.com,http://www.ejemplo.com,"P3p1T0-Perez Rodríguez, Pepe"
notice-04,2022/07/24 00:00,Descubrimiento revolucionario: Nuevo método de purificación de agua podría,mensaje de prueba,ejemplo@correo.com,http://www.ejemplo.com,"P3p1T0-Perez Rodríguez, Pepe"
notice-05,2022/07/24 00:00,Descubrimiento revolucionario: Nuevo método de purificación de agua podrí,mensaje de prueba,ejemplo@correo.com,http://www.ejemplo.com,"P3p1T0-Perez Rodríguez, Pepe"
notice-06,2022/07/24 00:00,D,mensaje de prueba,ejemplo@correo.com,http://www.ejemplo.com,"P3p1T0-Perez Rodríguez, Pepe"
notice-07,2022/07/24 00:00,De,mensaje de prueba,ejemplo@correo.com,http://www.ejemplo.com,"P3p1T0-Perez Rodríguez, Pepe"
notice-08,2022/07/24 00:00,革命的な発見: 新しい浄水方法が可能になる,mensaje de prueba,ejemplo@correo.com,http://www.ejemplo.com,"P3p1T0-Perez Rodríguez, Pepe"
notice-09,2022/07/24 00:00,título de prueba,El desarrollo de un método innovador de purificación de agua ofrece esperanza en la lucha contra la,ejemplo@correo.com,http://www.ejemplo.com,"P3p1T0-Perez Rodríguez, Pepe"
notice-10,2022/07/24 00:00,título de prueba,El desarrollo de un método innovador de purificación de agua ofrece esperanza en la lucha contra l,ejemplo@correo.com,http://www.ejemplo.com,"P3p1T0-Perez Rodríguez, Pepe"
notice-11,2022/07/24 00:00,título de prueba,El,ejemplo@correo.com,http://www.ejemplo.com,"P3p1T0-Perez Rodríguez, Pepe"
notice-12,2022/07/24 00:00,título de prueba,E,ejemplo@correo.com,http://www.ejemplo.com,"P3p1T0-Perez Rodríguez, Pepe"
notice-13,2022/07/24 00:00,título de prueba,革新的な水浄化法の開発は、不純物との戦いに希望をもたらします!。,ejemplo@correo.com,http://www.ejemplo.com,"P3p1T0-Perez Rodríguez, Pepe"
notice-14,2022/07/24 00:00,título de prueba,mensaje de prueba,ejemplo@correo.com,http://www.ejemplo.com,"Brhadaranyakopanishadvivfvaekachudamani_Erreh_Pepillo-Perez Rodríguez, Pepe"
notice-15,2022/07/24 00:00,título de prueba,mensaje de prueba,ejemplo@correo.com,http://www.ejemplo.com,"B-Gianluca, Bravo"
notice-16,2022/07/24 00:00,título de prueba,mensaje de prueba,ejemplo@correo.com,http://www.ejemplo.com,"Brhadaranyakopanishadvivfvaekapudamani_Erreh_Pepillo-Perez Rodríguez, Pepe"
notice-17,2022/07/24 00:00,título de prueba,mensaje de prueba,ejemplo@correo.com,http://www.ejemplo.com,"AntonioClient-Jímenez, Antonio"